Alberta,British Columbia,Manitoba,New Brunswick,Newfoundland and Labrador,Nova Scotia,Northwest Territories,Nunavut,Ontario,Prince Edward Island,Quebec,Saskatchewan,Yukon
Acheson,100 Mile House,Alexander,Baie-Sainte-Anne,Aguathuna,Albert Bridge,Aklavik,Arviat,Ajax,Albany,Alma,Aberdeen,Beaver Creek
Airdrie,Abbotsford,Alonsa,Bass River,Arnolds Cove,Amherst,Colville Lake,Baker Lake,Alliston,Alberton,Amos,Admiral,Burwash Landing
Alliance,Agassiz,Altona,Bathurst,Badgers Quay,Antigonish,Deline,Bay Chimo,Amherstburg,Bedeque,Anjou,Alameda,Carcross
Andrew,Aldergrove,Amaranth,Belledune,Baie Verte,Balls Creek,Enterprise,Cambridge Bay,Ancaster,Belfast,Baie-Comeau,Alvena,Carmacks
Ardrossan,Altona,Angusville,Belleisle Creek,Bauline,Beaver Bank,Fort Good Hope,Cape Dorset,Aurora,Belle River,Beaconsfield,Arborfield,Dawson
Athabasca,Anmore,Anola,Beresford,Bay Roberts,Bedford,Fort Liard,Coral Harbour,Barrie,Bloomfield Station,Beauport,Arcola,Destruction Bay
Balzac,Armstrong,Arborg,Bouctouche,Beaumont,Beechville,Fort McPherson,Iqaluit,Belleville,Bonshaw,Becancour,Arran,Faro
Banff,Belcarra,Arden,Burton,Bell Island,Big Bras D'Or,Fort Providence,Kimmirut,Bolton,Breadalbane,Beloeil,Asquith,Haines Junction
Barrhead,Black Creek,Arnes,Burtts Corner,Bell Island Front,Big Pond,Fort Resolution,Kugluktuk,Bowmanville,Cardigan,Blainville,Assiniboia,Marsh Lake
Bashaw,Blind Bay,Ashern,Cambridge-Narrows,Belleoram,Birch Grove,Fort Simpson,Nanisivik,Bracebridge,Central Bedeque,Boisbriand,Balcarres,Mayo
Beaumont,Brentwood Bay,Ashville,Campbellton,Bellevue,Boutiliers Point,Fort Smith,Rankin Inlet,Brampton,Charlottetown,Boucherville,Balgonie,Old Crow
Blackie,Burnaby,Austin,Cap-Pele,Benoits Cove,Bras D'Or,Hay River,Sanikiluaq,Brantford,Coleman,Brossard,Bangor,Pelly Crossing
Bluffton,Campbell River,Beausejour,Caraquet,Birchy Bay,Bridgewater,Holman,Nanisivik Airport,Brockville,Cornwall,Canton-de-Granby,Bateman,Ross River
Bonnyville,Castlegar,Belair,Charlo,Bishops Falls,Brookside,Inuvik,,Burlington,Crapaud,Cap-de-la-Madeleine,Battleford,Tagish
Boyle,Chemainus,Benito,Chipman,Blaketown,Catalone,Lutselk'e,,Caledonia,Ellerslie,Chambly,Beauval,Teslin
Brooks,Cherryville,Berens River,Cocagne,Bloomfield,Christmas Island,Norman Wells,,Cambridge,Elmira,Charlesbourg,Belle Plaine,Watson Lake
Calgary,Chilliwack,Binscarth,Colpitts Settlement,Boat Harbour West,Coldbrook,Paulatuk,,Carleton Place,Elmsdale,Chateauguay,Bienfait,Whitehorse
Camrose,Christina Lake,Birch River,Cumberland Bay,Bonavista,Cole Harbour,Rae Edzo,,Chatham,Freetown,Chicoutimi,Big River,
Canmore,Cobble Hill,Birtle,Dalhousie,Bonne Bay Pond,Cow Bay,Rae Lakes,,Cobourg,Georgetown,Deux-Montagnes,Biggar,
Chestermere,Coldstream,Bowsman,Dieppe,Botwood,Dartmouth,Sachs Harbour,,Collingwood,Green Gables,Dolbeau-Mistassini,Birch Hills,
Clairmont,Comox,Brandon,Doaktown,Branch,Dominion,Trout Lake,,Concord,Hunter River,Dollard-Des-Ormeaux,Bjorkdale,
Coaldale,Coquitlam,Brochet,Douglas,Buchans,Donkin,Tsiigehtchic,,Cornwall,Kensington,Dorval,Borden,
Cochrane,Courtenay,Brookdale,Dsl de Drummond,Burgeo,Dutch Settlement,Tuktoyaktuk,,Courtice,Kinkora,Drummondville,Bredenbury,
Cold Lake,Cranbrook,Brunkild,Dsl de Saint-Andre,Burin,East Lawrencetown,Tulita,,Dundas,Lennox Island,Gatineau,Briercrest,
College Heights,Creston,Buffalo Point,Edmundston,Burlington,East Preston,Wekweti,,East York,Miminegash,Granby,Buena Vista,
De Winton,Cultus Lake,Camperville,Elgin,Calvert,Eastern Passage,Wha Ti,,Etobicoke,Miscouche,Grand-Mere,Buffalo Narrows,
Dead Man's Flats,Dawson Creek,Carberry,Fredericton,Campbellton,Elmsdale,Wrigley,,Fort Erie,Montague,Joliette,Bulyea,
Devon,Delta,Carman,Gagetown,Cape Broyle,Enfield,Yellowknife,,Georgetown,Morell,Jonquiere,Bushell Park,
Drayton Valley,Duncan,Carroll,Grand Bay-Westfield,Caplin Cove Bdv,Fall River,,,Gloucester,Mount Stewart,Kirkland,Cabri,
Drumheller,Enderby,Cartier,Grand Falls,Carbonear,Florence,,,Goderich,Murray Harbour,L'Ancienne-Lorette,Calder,
Duffield,Fernie,Cartwright,Grand Manan,Carmanville,Gardiner Mines,,,Gravenhurst,Murray River,L'Assomption,Candle Lake,
Eckville,Fort St John,Channing,Grand-Barachois,Carters Cove,Georges River,,,Grimsby,New Glasgow,La Baie,Cando,
Edmonton,Gabriola,Churchill,Grand-Sault/Grand Falls,Cartyville,Glace Bay,,,Guelph,North Rustico,La Prairie,Canora,
Edson,Gibsons,Clanwilliam,Grande-Digue,Chance Cove,Glen Haven,,,Hamilton,North Wiltshire,La Tuque,Canwood,
Fort McMurray,Golden,Cormorant,Hampton,Channel-Port-Aux-Basques,Glen Margaret,,,Hanmer,O'Leary,Lachenaie,Carlyle,
Fort Saskatchewan,Grand Forks,Cowan,Hanwell,Charlottetown,Grand Lake,,,Huntsville,Port Borden,Lachine,Caronport,
Fort Vermilion,Halfmoon Bay,Cranberry Portage,Harcourt,Charlottetown Lab,Grand Mira North,,,Innisfil,Pownal,Lachute,Carrot River,
Glenwood,Hope,Crane River,Hartland,Clarenville,Hacketts Cove,,,Kanata,Richmond,Lasalle,Casa Rio,
Grande Prairie,Invermere,Dacotah,Harvey York Co,Clarkes Beach,Halifax,,,Keswick,Slemon Park,Laval,Chelan,
Grouard,Kamloops,Dakota Tipi,Havelock,Codroy,Hammonds Plains,,,Kincardine,Souris,Le Gardeur,Chitek Lake,
Halfmoon Bay,Kelowna,Darlingford,Hillsborough,Coleys Point South,Harrietsfield,,,Kingston,St-Louis,Levis,Christopher Lake,
Hanna,Kimberley,Dauphin,Kars,Come By Chance,Hatchet Lake,,,Kingsville,St-Peters Bay,Longueuil,Clavet,
Harvie Heights,Kitimat,Deloraine,Kedgwick,Conception Bay South,Head Of St Margarets Bay,,,Kitchener,Stratford,Magog,Clearwater River,
High Level,Ladysmith,Dugald,Kingston,Conception Harbour,Herring Cove,,,Leamington,Summerside,Mascouche,Cochin,
High River,Langley,East St Paul,Lakeville-Westmorland,Conche,Howie Center,,,Lindsay,Tignish,Mirabel,Codette,
Hinton,Lantzville,Elm Creek,Lameque,Cooks Harbour,Hubley,,,London,Tyne Valley,Mont-Royal,Cole Bay,
Innisfail,Lindell Beach,Flin Flon,Lincoln,Cormack,Kentville,,,Maple,Vernon Bridge,Mont-Saint-Hilaire,Conquest,
Island Lake,Lumby,Gilbert Plains,Maisonnette,Corner Brook,Lake Echo,,,Markham,Victoria,Mont-Tremblant,Consul,
Island Lake South,Maple Ridge,Gimli,McAdam,Cottlesville,Lakeside,,,Midland,Wellington Station,Montreal,Coppersands,
Lac Des Arcs,Merritt,Grandview,Memramcook,Coxs Cove,Lantz,,,Milton,Winsloe,Montreal-Nord,Corman Park,
Lac la Biche,Mill Bay,Hadashville,Minto,Cupids,Lawrencetown,,,Mississauga,York,Nicolet,Coronach,
Lacombe,Mission,Headingley,Miramichi,Davis Inlet,Louisbourg,,,Nepean,,Pierrefonds,Cowessess,
Lake Louise,Nanaimo,Kenville,Moncton,Deer Lake,Lower Sackville,,,Newmarket,,Pointe-Aux-Trembles,Craven,
Langdon,Nanoose Bay,Lac du Bonnet,Neguac,Dildo,Lucasville,,,Niagara Falls,,Pointe-Claire,Creighton,
Leduc,Nelson,Landmark,New Denmark,Dover,Lunenburg,,,North Bay,,Quebec,Crooked River,
Lethbridge,New Westminster,Lockport,New Maryland,Doyles,Main-A-Dieu,,,North York,,Repentigny,Crystal Springs,
Lloydminster,North Saanich,Lundar,Norton,Dunville,Marion Bridge,,,Oakville,,Rimouski,Deer Valley,
Mannville,North Vancouver,Manitou,Notre-Dame,Eastport,Membertou,,,Orangeville,,Riviere-du-Loup,Emerald Park,
Medicine Hat,Okanagan Centre,Miami,Oak Bay,Flatrock,Middle Sackville,,,Orillia,,Rock Forest,Estevan,
Morinville,Oyama,Minnedosa,Oromocto,Gander,Millville,,,Orleans,,Rosemere,Furdale,
Nisku,Parksville,Mitchell,Pennfield,Glenwood,Mineville,,,Oshawa,,Rouyn-Noranda,Glenbush,
Norglenwold,Peachland,Morden,Perth-Andover,Glovertown,Mira Gut,,,Ottawa,,Saint-Augustin-de-Desmaures,Goodsoil,
Okotoks,Pender Island,Morris,Petit-Rocher,Goulds,New Glasgow,,,Owen Sound,,Saint-Bruno,Grandora,
Olds,Penticton,Neepawa,Petitcodiac,Grand Falls-Windsor,New Minas,,,Pembroke,,Saint-Constant,Grasswood,
Onoway,Pinantan Lake,Norway House,Plaster Rock,Happy Valley-Goose Bay,New Victoria,,,Penetanguishene,,Saint-Eustache,Hudson Bay,
Peace River,Pitt Meadows,Oakbank,Pointe-du-Chene,Herring Neck,New Waterford,,,Peterborough,,Saint-Felicien,Kindersley,
Ponoka,Port Alberni,Ochre River,Quispamsis,Hillview,Nine Mile River,,,Pickering,,Saint-Georges,Langham,
Priddis,Port Coquitlam,Otterburne,Rexton,Holyrood,North Sydney,,,Port Colborne,,Saint-Hippolyte,Leoville,
Red Deer,Port Moody,Pilot Mound,Richibouctou-Village,Joe Batts Arm,Northside East Bay,,,Port Hope,,Saint-Hubert,Leross,
Red Deer County,Powell River,Pinawa,Richibucto,Kippens,Port Hastings,,,Richmond Hill,,Saint-Hyacinthe,Lloydminster,
Redcliff,Prince George,Pine Falls,Riverview,La Scie,Port Hawkesbury,,,Roblin,,Saint-Jean-Sur-Richelieu,Lumsden,
Redwood Meadows,Prince Rupert,Pipestone,Riviere-Verte,Labrador City,Port Morien,,,Sarnia,,Saint-Jerome,Maidstone,
Rimbey,Qualicum Beach,Portage la Prairie,Rollingdam,Ladle Cove,Porters Lake,,,Sault Ste Marie,,Saint-Lambert,Meadow Lake,
Rocky Mountain House,Quesnel,Randolph,Rothesay,Little Bay East,Portuguese Cove,,,Scarborough,,Saint-Laurent,Melfort,
Rosedale Valley,Revelstoke,Richer,Sackville,Middle Cove,Prospect Bay,,,Simcoe,,Saint-Lazare,Mendham,
Sherwood Park,Richmond,Roblin,Saint John,Mount Pearl,Reserve Mines,,,Smiths Falls,,Saint-Leonard,Moose Jaw,
Slave Lake,Roberts Creek,Roseau River,Saint-Antoine,Musgrave Harbour,River Ryan,,,St Catharines,,Saint-Nicephore,Nipawin,
South Baptiste,Rosedale,Sandy Lake,Saint-Basile,Paradise,Sambro,,,St Thomas,,Saint-Nicolas,North Battleford,
Spring Lake,Saanichton,Selkirk,Saint-Charles,Pasadena,Scotchtown,,,Stittsville,,Saint-Raymond,Patuanak,
Springbrook,Salmon Arm,Shilo,Saint-Jacques,Placentia,Seabright,,,Stoney Creek,,Sainte-Adele,Pierceland,
Spruce Grove,Salt Spring Island,Sifton,Saint-Paul,Port Au Port,Shad Bay,,,Stouffville,,Sainte-Foy,Prince Albert,
St Albert,Sechelt,Springfield,Saint-Quentin,Port Rexton,South Bar,,,Stratford,,Sainte-Julie,Regina,
St Paul,Sidney,St Adolphe,Sainte-Anne-de-Madawaska,Portugal Cove-St Philips,Stillwater Lake,,,Strathroy,,Sainte-Therese,Regina Beach,
Stettler,Smithers,St Andrews,Sainte-Marie-de-Kent,Raleigh,Sydney,,,Sturgeon Falls,,Salaberry-de-Valleyfield,Riverside Estates,
Stony Plain,Sooke,St Clements,Salisbury,Reidville,Sydney Forks,,,Sudbury,,Sept-Iles,Rockglen,
Strathmore,Sparwood,St Francois Xavier,Shediac,Seldom Come By,Sydney Mines,,,Thornhill,,Shawinigan,Rose Valley,
Strome,Squamish,St Malo,Shediac Bridge,Springdale,Tantallon,,,Thorold,,Shawinigan-Sud,Ruddell,
Sundre,Surrey,Ste Anne,Shediac Cape,St Albans,Terence Bay,,,Thunder Bay,,Sherbrooke,Saskatoon,
Sylvan Lake,Telkwa,Ste Rose du Lac,Shippagan,St Anthony,Timberlea,,,Tillsonburg,,Sorel-Tracy,Shellbrook,
Taber,Terrace,Steinbach,St Andrews,St Vincents,Troy,,,Timmins,,Terrebonne,Sonningdale,
Three Hills,Thornhill,Stonewall,St George,St. John's,Truro,,,Toronto,,Thetford Mines,Southey,
Tofield,Trail,Swan River,St Leonard,Stephenville,Upper Sackville,,,Trenton,,Trois-Rivieres,Speers,
Vegreville,Vancouver,Teulon,St Stephen,Torbay,Upper Tantallon,,,Val Caron,,Trois-Rivieres-Ouest,Spiritwood,
Vermilion,Vernon,The Pas,Sussex,Trepassey,Wellington,,,Wallaceburg,,Val-Belair,Swift Current,
Viking,Victoria,Thompson,Sussex Corner,Trinity Tb,West Porters Lake,,,Waterloo,,Val-D'Or,Tisdale,
Wainwright,West Vancouver,Wabowden,Tracadie-Sheila,Twillingate,Westphal,,,Welland,,Val-Des-Monts,Wakaw,
Westlock,Westbank,West St Paul,Wickham,West St Modeste,Whites Lake,,,Whitby,,Varennes,Warman,
Wetaskiwin,Whistler,Winkler,Willow Grove,Westport,Williamswood,,,Windsor,,Vaudreuil-Dorion,Watrous,
Whispering Hills,White Rock,Winnipeg,Wilsons Beach,Whitbourne,Windsor Junction,,,Woodbridge,,Verdun,Weyburn,
White Gull,Williams Lake,Winnipegosis,Woodstock,Wiltondale,Wolfville,,,Woodstock,,Victoriaville,Yorkton,
Whitecourt,Winfield,University Of Manitoba,Bathurst Station,Avalon Mall,Yarmouth,,,York,,La Ronde amusement park,University Of Saskatchewan,
Calgary Zoo Botanical Garden Prehistoric Park,Vancouver Aquarium Marine Science Centre,Mts Centre,Atlantic Superstore Mall,St. John's International Airport,Dalhousie University,,,Vaughan Mills,,Centre Eaton de Montreal,Market Mall,
Bow Valley College,Camosun College (Cc) - Lansdowne Campus,Assiniboine Park Zoo,,Mile One Centre,Halifax Shopping Centre,,,Galaxy Cinemas Guelph,,McGill University,Midtown Plaza,
Calaway Park,Capilano Suspension Bridge,Kildonan Place,,Signal Hill,Micmac Mall,,,Toronto Zoo,,Place des Arts,Saskatoon Yxe Airport,
Sunridge Mall,Coquitlam Centre,Winnipeg Art Gallery,,The Rooms,Neptune Theatre,,,Carleton University,,iSaute Recreation Center,St. Paul's Hospital,
Calgary Tower,Richmond Centre,Winnipeg International Airport,,East Coast Trail,Halifax Metro Centre,,,Mcmaster University,,Salle Albert Rousseau,Northgate Mall,
Calgary Farmers' Market,Oscar,Fort Gibraltar,,Memorial University Of Newfoundland,Dartmouth Sportsplex,,,University Of Guelph,,University Of Montreal,Campbell Collegiate,
Calgary International Airport,River Rock Casino,Tinkertown,,Cape Spear National Historic Site,Pier 21,,,African Lion Safari,,CÃ©gep De Sherbrooke,Cornwall Centre,
Market Mall,University Of Victoria,,,Bishops College,Halifax Forum,,,Air Canada Centre,,Museum Of Civilization,TCU Place,
Our Lady Of Fatima,Pacific Centre,,,Bowring Park Amphitheatre,Scotiabank Centre,,,Bramalea City Centre,,Bell Centre,Globe Theatre,
Td Square Core shopping centre,Royal Roads University,,,Johnson Geo Centre,IWK Health Centre,,,Brock University,,Carrefour Angrignon,Regina General Hospital,
Holy Trinity School,Strawberry Hill,,,Quidi Vidi Lake,Art Gallery Of Nova Scotia,,,Ryerson University,,Cegep Marie-Victorin,Sasktel Centre,
National Music Centre,Brentwood Town Centre,,,,Scotia Square,,,Fallsview Casino,,,,
