"Agriculture, fishing & Forestry",Apparel & Accessories,Automotive,Business & Professional Services,"Computers, Communications & Electronics",Construction & Renovation,Education,Entertainment & Media,Family & Community,Finance & Legal,Food & Beverages,Health & Medicine,Home & Garden,Industrial supplies & services,Personal Care,Public utilities & environment,Real-Estate & Insurance,Shopping & Specialty Stores,Sports & Recreation,Transportation,Travel & Lodging
Farming equipment & services,Accessories,Accessories,Administrative & Specialty Services,Communications Services & Equipment,Building Materials & Equipment,Academic,Adult Entertainment,Children & Child Care,Accounting Services,Alcoholic Beverages,Alternative Health Care,Accessories - General,"Adhesives, Chemicals, Inks, Dyes & Lubricants ","Barbers, Beauty Salons & Spas",Energy & power,Building Management,Antiques,Associations & Clubs,Aircrafts & Airports,Lodging
"Feed, seed and grain",Alterations & Services,Detailing & Aesthetics,Advertising,Computer Equipment,Ceramics & Tile,Libraries,"Agents, agencies and organizations",Community Services & Organizations,Banks & Financial Services,Dairy Products,Dental Care,Appliances,Amusement equipment & device,Body Art & Piercing,Environment,Insurance,Apparel & Accessories,Bicycles,Boats & marine,Tours & Excursions
Fishing,Clothing - General,Motorcycles,Associations & Organizations,Computer Services,Chimneys,Services & Supplies,Amusement Centres,Government agencies and services,Financial industry - Supplies,Desserts & Bakery Products,Eye Care & Eyewear,Bedroom & Linens,"Audio, video & motion pictures equipment & services",Cosmetics,Mining,Real Estate,Arts Supplies & Services,Boats & Watersports,Buses,Transport
Forests,Footwear,Motorized Vehicles,"Barrels, boxes, bottles & cans",Electronics - Services & Equipment,"Concrete, Cement & Paving",Specialized Schools,Artists & Entertainers,Pet Services,Investment services,Food Products,Fitness & Weight Loss,"Cabinets, Racks & Organizers",Batteries & Power supply,Skin & scalp services & products,Public security,,Books,Bowling,Mass & public transportation,"Travel Agencies, Clubs & Services"
General supplies & services,Outerwear,New & Used Dealers,Communication & Audio-Visual,Information Systems,Contractor Equipment & Services,,Auditoriums & Halls,Pet Supplies,Legal,Food Services & Supplies,Health Information & Associations,Cleaning Supplies & Services,Canvas & tarps,Supplies,Public utilities,,"Discount, Used & Rental Goods",Camping,Railroads,
Horses,Uniforms & Work Clothing,Parts & Supplies,Consultants,Internet,Design & Architecture,,Casinos & Gambling,,Loans & Credit Services,Food Stores,Health Practitioners & Services,Cooling & Ventilating,"Castings, dies & moulds",,Waste,,Florists,Games,Special transportations services,
Soil,,Related Services,Document Services,,Electrical Products & Services,,"Circus, festivals & Outdoor Events",,Retirement & Financial Planning,Fruit & Vegetables,Hearing Care,Doors,"Cleaning equipment, supply & services",,Water,,Games & Toys,Golf,Trucking & freight,
,,Repairs - Body work,Employment & Career Resources,,"Floors, Ceilings & Roofs",,"Games, Hobbies & Parties",,Taxes,Meat & Fish,Hospitals & Clinics,Furniture,Electrical supplies & services,,,,Gifts & Novelty,Hunting & Guns,,
,,Repairs - Mechanical,Engineers - Consulting,,Foundations & Piling,,Music,,,"Restaurants, Bars & Cafés",Medical Products & Equipment,Garden & Lawn,"Engraving, Embossing, Plating & Lamination",,,,Party Supplies & Services,Individual Sports,,
,,Roadside Assistance,Furniture & Office/Industrial Machines,,Hardware - Supplies & Services,,News & Information,,,,Mental Health & Therapies,General Supplies & Services,"Filters, screens, grates & traps",,,,Shopping Services & Supplies,Parks & Recreation Centres,,
,,Trailers,Import & Export Services,,Heavy construction & equipment,,Night Life,,,,Senior & Long-Term Care,Heating,Food & Beverages,,,,Stores - General,Raquet Sports,,
,,,Marketing & Sales,,Inspectors & Surveyors,,Radio,,,,,Housewares,Furniture,,,,Tobacco and cannabis Products,"Skiing, Skating & Winter Sports",,
,,,Office Supplies - General,,Painting & Plastering,,Theatre,,,,,Interior Decoration,General supplies & services,,,,,Sporting Goods,,
,,,"Printing, Publishing & Copying",,Plumbing & Piping,,Tickets & Seats,,,,,Kitchen & Bath Supplies & Services,"Glass, Seals and Sealants",,,,,Sports Services,,
,,,"Shipping, Packaging & Postal Services",,,,"Video, Movies & Television",,,,,Lighting,"Hoses, coils and tubing",,,,,Stadiums &  Sporting Facilities,,
,,,"Trade Shows, Expositions & Conventions",,,,,,,,,Moving & Storage,Hydraulics & pneumatics,,,,,Team Sports,,
,,,Uncategorized,,,,,,,,,Outdoor Accessories & Equipment,Instruments - General,,,,,,,
,,,,,,,,,,,,Outdoor Services,Jewelry & lapidary,,,,,,,
,,,,,,,,,,,,Painting & Floor & Wall Coverings,Kilns & ovens,,,,,,,
,,,,,,,,,,,,Pest Control,Labels & labeling,,,,,,,
,,,,,,,,,,,,Safety & Security,Laboratories,,,,,,,
,,,,,,,,,,,,Windows,"Locksmiths, locks & keys",,,,,,,
,,,,,,,,,,,,,"Machines, machining and machinery",,,,,,,
,,,,,,,,,,,,,Material handling,,,,,,,
,,,,,,,,,,,,,"Metals, metals working & metals products",,,,,,,
,,,,,,,,,,,,,Minerals,,,,,,,
,,,,,,,,,,,,,"Oil, coal, fuels & natural gases",,,,,,,
,,,,,,,,,,,,,"Pipes, tubes, pumps, ducts & valves",,,,,,,
,,,,,,,,,,,,,Plastics & Rubber products & services,,,,,,,
,,,,,,,,,,,,,Printing & publishing,,,,,,,
,,,,,,,,,,,,,Process & industrial control system,,,,,,,
,,,,,,,,,,,,,Security & safety products,,,,,,,
,,,,,,,,,,,,,"Sharpening, Slicing & Spraying",,,,,,,
,,,,,,,,,,,,,Specialty equipment & supplies,,,,,,,
,,,,,,,,,,,,,Tanks,,,,,,,
,,,,,,,,,,,,,Textiles,,,,,,,
,,,,,,,,,,,,,Tools,,,,,,,
,,,,,,,,,,,,,Water,,,,,,,
,,,,,,,,,,,,,Wharehouses,,,,,,,
,,,,,,,,,,,,,Wiring & Cabling,,,,,,,
,,,,,,,,,,,,,Wood & paper,,,,,,,
,,,,,,,,,,,,,X Ray equipment & services,,,,,,,
,,,,,,,,,,,,," Heating, Cooling, Ventilation & Air Conditioning",,,,,,,
